ac_id,req_id,group,scope,tier,risk_suggested,lr,due,uat,srs_ref,risk,risk_reason,branches,expected,draft_by,verification,verified_by,verify_method,design_ref,test_ids,actual,commit,evidence,verdict,notes
IH-AUTH-001-AC01,IH-AUTH-001,AUTH,A,Core,R1,LR-14,M3 -> M4,UAT-01,docs/learner/02_SRS_InsightHub_v1.0.md#req-ih-auth-001,R1,,,,,Unverified,,,,,,,,NotRun,
IH-AUTH-001-AC02,IH-AUTH-001,AUTH,A,Core,R1,LR-14,M3 -> M4,UAT-01,docs/learner/02_SRS_InsightHub_v1.0.md#req-ih-auth-001,R1,,,,,Unverified,,,,,,,,NotRun,
IH-AUTH-002-AC01,IH-AUTH-002,AUTH,A,Core,R1,LR-14,M3 -> M4,"UAT-01, UAT-03",docs/learner/02_SRS_InsightHub_v1.0.md#req-ih-auth-002,R1,,,,,Unverified,,,,,,,,NotRun,
IH-AUTH-002-AC02,IH-AUTH-002,AUTH,A,Extended,R1,LR-14,M3 -> M4,"UAT-01, UAT-03",docs/learner/02_SRS_InsightHub_v1.0.md#req-ih-auth-002,R1,,,,,Unverified,,,,,,,,NotRun,
IH-AUTH-003-AC01,IH-AUTH-003,AUTH,A,Core,R1,LR-14,M3 -> M4,UAT-01,docs/learner/02_SRS_InsightHub_v1.0.md#req-ih-auth-003,R1,,,,,Unverified,,,,,,,,NotRun,
IH-AUTH-003-AC02,IH-AUTH-003,AUTH,A,Extended,R1,LR-14,M3 -> M4,UAT-01,docs/learner/02_SRS_InsightHub_v1.0.md#req-ih-auth-003,R1,,,,,Unverified,,,,,,,,NotRun,
IH-AUTH-004-AC01,IH-AUTH-004,AUTH,A,Core,R1,LR-14,M3 -> M4,UAT-02,docs/learner/02_SRS_InsightHub_v1.0.md#req-ih-auth-004,R1,,,,,Unverified,,,,,,,,NotRun,
IH-AUTH-004-AC02,IH-AUTH-004,AUTH,A,Core,R1,LR-14,M3 -> M4,UAT-02,docs/learner/02_SRS_InsightHub_v1.0.md#req-ih-auth-004,R1,,,,,Unverified,,,,,,,,NotRun,
IH-AUTH-005-AC01,IH-AUTH-005,AUTH,A,Extended,R1,LR-14,M3 -> M4,"UAT-02, UAT-03",docs/learner/02_SRS_InsightHub_v1.0.md#req-ih-auth-005,R1,,,,,Unverified,,,,,,,,NotRun,
IH-AUTH-005-AC02,IH-AUTH-005,AUTH,A,Core,R1,LR-14,M3 -> M4,"UAT-02, UAT-03",docs/learner/02_SRS_InsightHub_v1.0.md#req-ih-auth-005,R1,,,,,Unverified,,,,,,,,NotRun,
IH-AUTH-005-AC03,IH-AUTH-005,AUTH,A,Extended,R1,LR-14,M3 -> M4,"UAT-02, UAT-03",docs/learner/02_SRS_InsightHub_v1.0.md#req-ih-auth-005,R1,,,,,Unverified,,,,,,,,NotRun,
IH-AUTH-005-AC04,IH-AUTH-005,AUTH,A,Extended,R2,LR-14,M3 -> M4,"UAT-02, UAT-03",docs/learner/02_SRS_InsightHub_v1.0.md#req-ih-auth-005,R2,,,,,Unverified,,,,,,,,NotRun,
IH-AUTH-006-AC01,IH-AUTH-006,AUTH,A,Core,R1,LR-14,M3 -> M4,UAT-03,docs/learner/02_SRS_InsightHub_v1.0.md#req-ih-auth-006,R1,,,,,Unverified,,,,,,,,NotRun,
IH-AUTH-006-AC02,IH-AUTH-006,AUTH,A,Extended,R2,LR-14,M3 -> M4,UAT-03,docs/learner/02_SRS_InsightHub_v1.0.md#req-ih-auth-006,R2,,,,,Unverified,,,,,,,,NotRun,
IH-AUTH-007-AC01,IH-AUTH-007,AUTH,A,Core,R1,LR-14,M3 -> M4,UAT-03,docs/learner/02_SRS_InsightHub_v1.0.md#req-ih-auth-007,R1,,,,,Unverified,,,,,,,,NotRun,
IH-AUTH-007-AC02,IH-AUTH-007,AUTH,A,Core,R1,LR-14,M3 -> M4,UAT-03,docs/learner/02_SRS_InsightHub_v1.0.md#req-ih-auth-007,R1,,,,,Unverified,,,,,,,,NotRun,
IH-AUTH-007-AC03,IH-AUTH-007,AUTH,A,Extended,R1,LR-14,M3 -> M4,UAT-03,docs/learner/02_SRS_InsightHub_v1.0.md#req-ih-auth-007,R1,,,,,Unverified,,,,,,,,NotRun,
IH-AUTH-008-AC01,IH-AUTH-008,AUTH,A,Core,R1,LR-14,M3 -> M4,UAT-04,docs/learner/02_SRS_InsightHub_v1.0.md#req-ih-auth-008,R1,,,,,Unverified,,,,,,,,NotRun,
IH-AUTH-008-AC02,IH-AUTH-008,AUTH,A,Core,R1,LR-14,M3 -> M4,UAT-04,docs/learner/02_SRS_InsightHub_v1.0.md#req-ih-auth-008,R1,,,,,Unverified,,,,,,,,NotRun,
IH-AUTH-009-AC01,IH-AUTH-009,AUTH,A,Core,R3,LR-14,M3 -> M4,UAT-04,docs/learner/02_SRS_InsightHub_v1.0.md#req-ih-auth-009,R3,,,,,Unverified,,,,,,,,NotRun,
IH-AUTH-009-AC02,IH-AUTH-009,AUTH,A,Extended,R3,LR-14,M3 -> M4,UAT-04,docs/learner/02_SRS_InsightHub_v1.0.md#req-ih-auth-009,R3,,,,,Unverified,,,,,,,,NotRun,
IH-AUTH-010-AC01,IH-AUTH-010,AUTH,A,Core,R1,LR-14,M3 -> M4,UAT-03,docs/learner/02_SRS_InsightHub_v1.0.md#req-ih-auth-010,R1,,,,,Unverified,,,,,,,,NotRun,
IH-AUTH-010-AC02,IH-AUTH-010,AUTH,A,Core,R1,LR-14,M3 -> M4,UAT-03,docs/learner/02_SRS_InsightHub_v1.0.md#req-ih-auth-010,R1,,,,,Unverified,,,,,,,,NotRun,
IH-NB-001-AC01,IH-NB-001,NB,A,Core,R1,LR-15,M3 -> M4,UAT-05,docs/learner/02_SRS_InsightHub_v1.0.md#req-ih-nb-001,R1,,,,,Unverified,,,,,,,,NotRun,
IH-NB-001-AC02,IH-NB-001,NB,A,Core,R2,LR-15,M3 -> M4,UAT-05,docs/learner/02_SRS_InsightHub_v1.0.md#req-ih-nb-001,R2,,,,,Unverified,,,,,,,,NotRun,
IH-NB-002-AC01,IH-NB-002,NB,A,Core,R2,LR-15,M3 -> M4,UAT-05,docs/learner/02_SRS_InsightHub_v1.0.md#req-ih-nb-002,R2,,,,,Unverified,,,,,,,,NotRun,
IH-NB-002-AC02,IH-NB-002,NB,A,Extended,R2,LR-15,M3 -> M4,UAT-05,docs/learner/02_SRS_InsightHub_v1.0.md#req-ih-nb-002,R2,,,,,Unverified,,,,,,,,NotRun,
IH-NB-003-AC01,IH-NB-003,NB,A,Extended,R2,LR-15,M3 -> M4,UAT-12,docs/learner/02_SRS_InsightHub_v1.0.md#req-ih-nb-003,R2,,,,,Unverified,,,,,,,,NotRun,
IH-NB-003-AC02,IH-NB-003,NB,A,Core,R1,LR-15,M3 -> M4,UAT-12,docs/learner/02_SRS_InsightHub_v1.0.md#req-ih-nb-003,R1,,,,,Unverified,,,,,,,,NotRun,
IH-NB-004-AC01,IH-NB-004,NB,A,Core,R1,LR-15,M3 -> M4,UAT-13,docs/learner/02_SRS_InsightHub_v1.0.md#req-ih-nb-004,R1,,,,,Unverified,,,,,,,,NotRun,
IH-NB-004-AC02,IH-NB-004,NB,A,Core,R1,LR-15,M3 -> M4,UAT-13,docs/learner/02_SRS_InsightHub_v1.0.md#req-ih-nb-004,R1,,,,,Unverified,,,,,,,,NotRun,
IH-DOC-001-AC01,IH-DOC-001,DOC,A,Core,R2,LR-15,M3 -> M4,UAT-06,docs/learner/02_SRS_InsightHub_v1.0.md#req-ih-doc-001,R2,,,,,Unverified,,,,,,,,NotRun,
IH-DOC-001-AC02,IH-DOC-001,DOC,A,Core,R2,LR-15,M3 -> M4,UAT-06,docs/learner/02_SRS_InsightHub_v1.0.md#req-ih-doc-001,R2,,,,,Unverified,,,,,,,,NotRun,
IH-DOC-002-AC01,IH-DOC-002,DOC,A,Core,R2,LR-15,M3 -> M4,UAT-06,docs/learner/02_SRS_InsightHub_v1.0.md#req-ih-doc-002,R2,,,,,Unverified,,,,,,,,NotRun,
IH-DOC-002-AC02,IH-DOC-002,DOC,A,Core,R2,LR-15,M3 -> M4,UAT-06,docs/learner/02_SRS_InsightHub_v1.0.md#req-ih-doc-002,R2,,,,,Unverified,,,,,,,,NotRun,
IH-DOC-003-AC01,IH-DOC-003,DOC,A,Core,R2,LR-15,M3 -> M4,UAT-07,docs/learner/02_SRS_InsightHub_v1.0.md#req-ih-doc-003,R2,,,,,Unverified,,,,,,,,NotRun,
IH-DOC-003-AC02,IH-DOC-003,DOC,A,Extended,R2,LR-15,M3 -> M4,UAT-07,docs/learner/02_SRS_InsightHub_v1.0.md#req-ih-doc-003,R2,,,,,Unverified,,,,,,,,NotRun,
IH-DOC-004-AC01,IH-DOC-004,DOC,A,Core,R2,LR-15,M3 -> M4,UAT-07,docs/learner/02_SRS_InsightHub_v1.0.md#req-ih-doc-004,R2,,,,,Unverified,,,,,,,,NotRun,
IH-DOC-004-AC02,IH-DOC-004,DOC,A,Core,R1,LR-15,M3 -> M4,UAT-07,docs/learner/02_SRS_InsightHub_v1.0.md#req-ih-doc-004,R1,,,,,Unverified,,,,,,,,NotRun,
IH-DOC-005-AC01,IH-DOC-005,DOC,A,Extended,R2,LR-15,M3 -> M4,"UAT-06, UAT-08, UAT-12",docs/learner/02_SRS_InsightHub_v1.0.md#req-ih-doc-005,R2,,,,,Unverified,,,,,,,,NotRun,
IH-DOC-005-AC02,IH-DOC-005,DOC,A,Core,R2,LR-15,M3 -> M4,"UAT-06, UAT-08, UAT-12",docs/learner/02_SRS_InsightHub_v1.0.md#req-ih-doc-005,R2,,,,,Unverified,,,,,,,,NotRun,
IH-DOC-006-AC01,IH-DOC-006,DOC,A,Core,R1,LR-15,M3 -> M4,UAT-12,docs/learner/02_SRS_InsightHub_v1.0.md#req-ih-doc-006,R1,,,,,Unverified,,,,,,,,NotRun,
IH-DOC-006-AC02,IH-DOC-006,DOC,A,Extended,R2,LR-15,M3 -> M4,UAT-12,docs/learner/02_SRS_InsightHub_v1.0.md#req-ih-doc-006,R2,,,,,Unverified,,,,,,,,NotRun,
IH-CHAT-001-AC01,IH-CHAT-001,CHAT,A,Core,R2,LR-15,M3 -> M4,UAT-08,docs/learner/02_SRS_InsightHub_v1.0.md#req-ih-chat-001,R2,,,,,Unverified,,,,,,,,NotRun,
IH-CHAT-001-AC02,IH-CHAT-001,CHAT,A,Core,R1,LR-15,M3 -> M4,UAT-08,docs/learner/02_SRS_InsightHub_v1.0.md#req-ih-chat-001,R1,,,,,Unverified,,,,,,,,NotRun,
IH-CHAT-002-AC01,IH-CHAT-002,CHAT,A,Core,R1,LR-15,M3 -> M4,UAT-08,docs/learner/02_SRS_InsightHub_v1.0.md#req-ih-chat-002,R1,,,,,Unverified,,,,,,,,NotRun,
IH-CHAT-002-AC02,IH-CHAT-002,CHAT,A,Core,R1,LR-15,M3 -> M4,UAT-08,docs/learner/02_SRS_InsightHub_v1.0.md#req-ih-chat-002,R1,,,,,Unverified,,,,,,,,NotRun,
IH-CHAT-003-AC01,IH-CHAT-003,CHAT,A,Core,R1,LR-15,M3 -> M4,UAT-09,docs/learner/02_SRS_InsightHub_v1.0.md#req-ih-chat-003,R1,,,,,Unverified,,,,,,,,NotRun,
IH-CHAT-003-AC02,IH-CHAT-003,CHAT,A,Core,R2,LR-15,M3 -> M4,UAT-09,docs/learner/02_SRS_InsightHub_v1.0.md#req-ih-chat-003,R2,,,,,Unverified,,,,,,,,NotRun,
IH-CHAT-004-AC01,IH-CHAT-004,CHAT,A,Core,R2,LR-15,M3 -> M4,"UAT-08, UAT-12",docs/learner/02_SRS_InsightHub_v1.0.md#req-ih-chat-004,R2,,,,,Unverified,,,,,,,,NotRun,
IH-CHAT-004-AC02,IH-CHAT-004,CHAT,A,Core,R2,LR-15,M3 -> M4,"UAT-08, UAT-12",docs/learner/02_SRS_InsightHub_v1.0.md#req-ih-chat-004,R2,,,,,Unverified,,,,,,,,NotRun,
IH-CHAT-004-AC03,IH-CHAT-004,CHAT,A,Extended,R2,LR-15,M3 -> M4,"UAT-08, UAT-12",docs/learner/02_SRS_InsightHub_v1.0.md#req-ih-chat-004,R2,,,,,Unverified,,,,,,,,NotRun,
IH-CHAT-004-AC04,IH-CHAT-004,CHAT,A,Extended,R2,LR-15,M3 -> M4,"UAT-08, UAT-12",docs/learner/02_SRS_InsightHub_v1.0.md#req-ih-chat-004,R2,,,,,Unverified,,,,,,,,NotRun,
IH-CHAT-004-AC05,IH-CHAT-004,CHAT,A,Extended,R2,LR-15,M3 -> M4,"UAT-08, UAT-12",docs/learner/02_SRS_InsightHub_v1.0.md#req-ih-chat-004,R2,,,,,Unverified,,,,,,,,NotRun,
IH-CHAT-005-AC01,IH-CHAT-005,CHAT,A,Core,R2,LR-15,M3 -> M4,"UAT-09, UAT-12",docs/learner/02_SRS_InsightHub_v1.0.md#req-ih-chat-005,R2,,,,,Unverified,,,,,,,,NotRun,
IH-CHAT-005-AC02,IH-CHAT-005,CHAT,A,Core,R1,LR-15,M3 -> M4,"UAT-09, UAT-12",docs/learner/02_SRS_InsightHub_v1.0.md#req-ih-chat-005,R1,,,,,Unverified,,,,,,,,NotRun,
IH-NOTE-001-AC01,IH-NOTE-001,NOTE,A,Extended,R2,LR-15,M3 -> M4,UAT-10,docs/learner/02_SRS_InsightHub_v1.0.md#req-ih-note-001,R2,,,,,Unverified,,,,,,,,NotRun,
IH-NOTE-001-AC02,IH-NOTE-001,NOTE,A,Extended,R2,LR-15,M3 -> M4,UAT-10,docs/learner/02_SRS_InsightHub_v1.0.md#req-ih-note-001,R2,,,,,Unverified,,,,,,,,NotRun,
IH-NOTE-001-AC03,IH-NOTE-001,NOTE,A,Extended,R2,LR-15,M3 -> M4,UAT-10,docs/learner/02_SRS_InsightHub_v1.0.md#req-ih-note-001,R2,,,,,Unverified,,,,,,,,NotRun,
IH-NOTE-001-AC04,IH-NOTE-001,NOTE,A,Extended,R2,LR-15,M3 -> M4,UAT-10,docs/learner/02_SRS_InsightHub_v1.0.md#req-ih-note-001,R2,,,,,Unverified,,,,,,,,NotRun,
IH-NOTE-002-AC01,IH-NOTE-002,NOTE,A,Extended,R2,LR-15,M3 -> M4,"UAT-10, UAT-12",docs/learner/02_SRS_InsightHub_v1.0.md#req-ih-note-002,R2,,,,,Unverified,,,,,,,,NotRun,
IH-NOTE-002-AC02,IH-NOTE-002,NOTE,A,Extended,R2,LR-15,M3 -> M4,"UAT-10, UAT-12",docs/learner/02_SRS_InsightHub_v1.0.md#req-ih-note-002,R2,,,,,Unverified,,,,,,,,NotRun,
IH-AI-001-AC01,IH-AI-001,AI,D1,Core,R2,LR-18,M3 -> M4,UAT-11,docs/learner/02_SRS_InsightHub_v1.0.md#req-ih-ai-001,R2,,,,,Unverified,,,,,,,,NotRun,
IH-AI-001-AC02,IH-AI-001,AI,D1,Core,R2,LR-18,M3 -> M4,UAT-11,docs/learner/02_SRS_InsightHub_v1.0.md#req-ih-ai-001,R2,,,,,Unverified,,,,,,,,NotRun,
IH-AI-002-AC01,IH-AI-002,AI,A,Core,R2,LR-18,M3 -> M4,UAT-11,docs/learner/02_SRS_InsightHub_v1.0.md#req-ih-ai-002,R2,,,,,Unverified,,,,,,,,NotRun,
IH-AI-002-AC02,IH-AI-002,AI,A,Core,R2,LR-18,M3 -> M4,UAT-11,docs/learner/02_SRS_InsightHub_v1.0.md#req-ih-ai-002,R2,,,,,Unverified,,,,,,,,NotRun,
IH-AI-003-AC01,IH-AI-003,AI,D1,Core,R2,LR-18,M3 -> M4,"UAT-11, UAT-14",docs/learner/02_SRS_InsightHub_v1.0.md#req-ih-ai-003,R2,,,,,Unverified,,,,,,,,NotRun,
IH-AI-003-AC02,IH-AI-003,AI,A,Extended,R2,LR-18,M3 -> M4,"UAT-11, UAT-14",docs/learner/02_SRS_InsightHub_v1.0.md#req-ih-ai-003,R2,,,,,Unverified,,,,,,,,NotRun,
IH-AI-004-AC01,IH-AI-004,AI,D1,Core,R2,LR-18,M3 -> M4,"UAT-11, UAT-12",docs/learner/02_SRS_InsightHub_v1.0.md#req-ih-ai-004,R2,,,,,Unverified,,,,,,,,NotRun,
IH-AI-004-AC02,IH-AI-004,AI,A,Core,R1,LR-18,M3 -> M4,"UAT-11, UAT-12",docs/learner/02_SRS_InsightHub_v1.0.md#req-ih-ai-004,R1,,,,,Unverified,,,,,,,,NotRun,
IH-MM-001-AC01,IH-MM-001,MM,N,OutOfScope,,-,Mở rộng,UAT-11,docs/learner/02_SRS_InsightHub_v1.0.md#req-ih-mm-001,,,,,,,,,,,,,,OutOfScope,
IH-MM-001-AC02,IH-MM-001,MM,N,OutOfScope,,-,Mở rộng,UAT-11,docs/learner/02_SRS_InsightHub_v1.0.md#req-ih-mm-001,,,,,,,,,,,,,,OutOfScope,
IH-MM-002-AC01,IH-MM-002,MM,N,OutOfScope,,-,Mở rộng,"UAT-11, UAT-15",docs/learner/02_SRS_InsightHub_v1.0.md#req-ih-mm-002,,,,,,,,,,,,,,OutOfScope,
IH-MM-002-AC02,IH-MM-002,MM,N,OutOfScope,,-,Mở rộng,"UAT-11, UAT-15",docs/learner/02_SRS_InsightHub_v1.0.md#req-ih-mm-002,,,,,,,,,,,,,,OutOfScope,
IH-SUM-001-AC01,IH-SUM-001,SUM,A,Core,R2,LR-16,M3 -> M4,UAT-11,docs/learner/02_SRS_InsightHub_v1.0.md#req-ih-sum-001,R2,,,,,Unverified,,,,,,,,NotRun,
IH-SUM-001-AC02,IH-SUM-001,SUM,A,Core,R1,LR-16,M3 -> M4,UAT-11,docs/learner/02_SRS_InsightHub_v1.0.md#req-ih-sum-001,R1,,,,,Unverified,,,,,,,,NotRun,
IH-SUM-002-AC01,IH-SUM-002,SUM,A,Extended,R2,LR-16,M3 -> M4,"UAT-10, UAT-11",docs/learner/02_SRS_InsightHub_v1.0.md#req-ih-sum-002,R2,,,,,Unverified,,,,,,,,NotRun,
IH-SUM-002-AC02,IH-SUM-002,SUM,A,Extended,R2,LR-16,M3 -> M4,"UAT-10, UAT-11",docs/learner/02_SRS_InsightHub_v1.0.md#req-ih-sum-002,R2,,,,,Unverified,,,,,,,,NotRun,
IH-SLD-001-AC01,IH-SLD-001,SLD,N,OutOfScope,,-,Mở rộng,UAT-11,docs/learner/02_SRS_InsightHub_v1.0.md#req-ih-sld-001,,,,,,,,,,,,,,OutOfScope,
IH-SLD-001-AC02,IH-SLD-001,SLD,N,OutOfScope,,-,Mở rộng,UAT-11,docs/learner/02_SRS_InsightHub_v1.0.md#req-ih-sld-001,,,,,,,,,,,,,,OutOfScope,
IH-SLD-002-AC01,IH-SLD-002,SLD,N,OutOfScope,,-,Mở rộng,"UAT-11, UAT-15",docs/learner/02_SRS_InsightHub_v1.0.md#req-ih-sld-002,,,,,,,,,,,,,,OutOfScope,
IH-SLD-002-AC02,IH-SLD-002,SLD,N,OutOfScope,,-,Mở rộng,"UAT-11, UAT-15",docs/learner/02_SRS_InsightHub_v1.0.md#req-ih-sld-002,,,,,,,,,,,,,,OutOfScope,
IH-QUIZ-001-AC01,IH-QUIZ-001,QUIZ,A,Core,R2,LR-17,M3 -> M4,UAT-11,docs/learner/02_SRS_InsightHub_v1.0.md#req-ih-quiz-001,R2,,,,,Unverified,,,,,,,,NotRun,
IH-QUIZ-001-AC02,IH-QUIZ-001,QUIZ,A,Core,R1,LR-17,M3 -> M4,UAT-11,docs/learner/02_SRS_InsightHub_v1.0.md#req-ih-quiz-001,R1,,,,,Unverified,,,,,,,,NotRun,
IH-QUIZ-002-AC01,IH-QUIZ-002,QUIZ,A,Core,R1,LR-17,M3 -> M4,UAT-11,docs/learner/02_SRS_InsightHub_v1.0.md#req-ih-quiz-002,R1,,,,,Unverified,,,,,,,,NotRun,
IH-QUIZ-002-AC02,IH-QUIZ-002,QUIZ,A,Core,R2,LR-17,M3 -> M4,UAT-11,docs/learner/02_SRS_InsightHub_v1.0.md#req-ih-quiz-002,R2,,,,,Unverified,,,,,,,,NotRun,
IH-RPT-001-AC01,IH-RPT-001,RPT,N,OutOfScope,,-,Mở rộng,UAT-11,docs/learner/02_SRS_InsightHub_v1.0.md#req-ih-rpt-001,,,,,,,,,,,,,,OutOfScope,
IH-RPT-001-AC02,IH-RPT-001,RPT,N,OutOfScope,,-,Mở rộng,UAT-11,docs/learner/02_SRS_InsightHub_v1.0.md#req-ih-rpt-001,,,,,,,,,,,,,,OutOfScope,
IH-RPT-002-AC01,IH-RPT-002,RPT,N,OutOfScope,,-,Mở rộng,"UAT-11, UAT-13",docs/learner/02_SRS_InsightHub_v1.0.md#req-ih-rpt-002,,,,,,,,,,,,,,OutOfScope,
IH-RPT-002-AC02,IH-RPT-002,RPT,N,OutOfScope,,-,Mở rộng,"UAT-11, UAT-13",docs/learner/02_SRS_InsightHub_v1.0.md#req-ih-rpt-002,,,,,,,,,,,,,,OutOfScope,
IH-OUT-001-AC01,IH-OUT-001,OUT,D1,Core,R2,LR-18,M3 -> M4,"UAT-11, UAT-13",docs/learner/02_SRS_InsightHub_v1.0.md#req-ih-out-001,R2,,,,,Unverified,,,,,,,,NotRun,
IH-OUT-001-AC02,IH-OUT-001,OUT,A,Core,R1,LR-18,M3 -> M4,"UAT-11, UAT-13",docs/learner/02_SRS_InsightHub_v1.0.md#req-ih-out-001,R1,,,,,Unverified,,,,,,,,NotRun,
IH-OUT-002-AC01,IH-OUT-002,OUT,A,Extended,R2,LR-18,M3 -> M4,"UAT-11, UAT-12",docs/learner/02_SRS_InsightHub_v1.0.md#req-ih-out-002,R2,,,,,Unverified,,,,,,,,NotRun,
IH-OUT-002-AC02,IH-OUT-002,OUT,A,Extended,R2,LR-18,M3 -> M4,"UAT-11, UAT-12",docs/learner/02_SRS_InsightHub_v1.0.md#req-ih-out-002,R2,,,,,Unverified,,,,,,,,NotRun,
IH-OUT-003-AC01,IH-OUT-003,OUT,A,Core,R1,LR-18,M3 -> M4,UAT-12,docs/learner/02_SRS_InsightHub_v1.0.md#req-ih-out-003,R1,,,,,Unverified,,,,,,,,NotRun,
IH-OUT-003-AC02,IH-OUT-003,OUT,A,Extended,R2,LR-18,M3 -> M4,UAT-12,docs/learner/02_SRS_InsightHub_v1.0.md#req-ih-out-003,R2,,,,,Unverified,,,,,,,,NotRun,
IH-DATA-001-AC01,IH-DATA-001,DATA,D1,Extended,R2,LR-15/LR-18,M3 -> M4,"UAT-05, UAT-06, UAT-08, UAT-10, UAT-11, UAT-20",docs/learner/02_SRS_InsightHub_v1.0.md#req-ih-data-001,R2,,,,,Unverified,,,,,,,,NotRun,
IH-DATA-001-AC02,IH-DATA-001,DATA,D1,Core,R2,LR-15/LR-18,M3 -> M4,"UAT-05, UAT-06, UAT-08, UAT-10, UAT-11, UAT-20",docs/learner/02_SRS_InsightHub_v1.0.md#req-ih-data-001,R2,,,,,Unverified,,,,,,,,NotRun,
IH-DATA-001-AC03,IH-DATA-001,DATA,D1,Extended,R2,LR-15/LR-18,M3 -> M4,"UAT-05, UAT-06, UAT-08, UAT-10, UAT-11, UAT-20",docs/learner/02_SRS_InsightHub_v1.0.md#req-ih-data-001,R2,,,,,Unverified,,,,,,,,NotRun,
IH-DATA-001-AC04,IH-DATA-001,DATA,A,Core,R1,LR-15/LR-18,M3 -> M4,"UAT-05, UAT-06, UAT-08, UAT-10, UAT-11, UAT-20",docs/learner/02_SRS_InsightHub_v1.0.md#req-ih-data-001,R1,,,,,Unverified,,,,,,,,NotRun,
IH-DATA-001-AC05,IH-DATA-001,DATA,A,Extended,R2,LR-15/LR-18,M3 -> M4,"UAT-05, UAT-06, UAT-08, UAT-10, UAT-11, UAT-20",docs/learner/02_SRS_InsightHub_v1.0.md#req-ih-data-001,R2,,,,,Unverified,,,,,,,,NotRun,
IH-DATA-001-AC06,IH-DATA-001,DATA,A,Extended,R2,LR-15/LR-18,M3 -> M4,"UAT-05, UAT-06, UAT-08, UAT-10, UAT-11, UAT-20",docs/learner/02_SRS_InsightHub_v1.0.md#req-ih-data-001,R2,,,,,Unverified,,,,,,,,NotRun,
IH-DATA-002-AC01,IH-DATA-002,DATA,A,Core,R1,LR-17,M3 -> M4,"UAT-10, UAT-11, UAT-12, UAT-20",docs/learner/02_SRS_InsightHub_v1.0.md#req-ih-data-002,R1,,,,,Unverified,,,,,,,,NotRun,
IH-DATA-002-AC02,IH-DATA-002,DATA,A,Core,R1,LR-22,M3 -> M4,"UAT-10, UAT-11, UAT-12, UAT-20",docs/learner/02_SRS_InsightHub_v1.0.md#req-ih-data-002,R1,,,,,Unverified,,,,,,,,NotRun,
IH-DATA-002-AC03,IH-DATA-002,DATA,A,Core,R1,LR-17,M3 -> M4,"UAT-10, UAT-11, UAT-12, UAT-20",docs/learner/02_SRS_InsightHub_v1.0.md#req-ih-data-002,R1,,,,,Unverified,,,,,,,,NotRun,
IH-DATA-002-AC04,IH-DATA-002,DATA,A,Core,R1,LR-22,M3 -> M4,"UAT-10, UAT-11, UAT-12, UAT-20",docs/learner/02_SRS_InsightHub_v1.0.md#req-ih-data-002,R1,,,,,Unverified,,,,,,,,NotRun,
IH-UX-001-AC01,IH-UX-001,UX,D2,Core,R3,LR-10/LR-21,M2 -> M4,UAT-15,docs/learner/02_SRS_InsightHub_v1.0.md#req-ih-ux-001,R3,,,,,Unverified,,,,,,,,NotRun,
IH-UX-001-AC02,IH-UX-001,UX,D2,Extended,R3,LR-10/LR-21,M2 -> M4,UAT-15,docs/learner/02_SRS_InsightHub_v1.0.md#req-ih-ux-001,R3,,,,,Unverified,,,,,,,,NotRun,
IH-UX-002-AC01,IH-UX-002,UX,D2,Core,R2,LR-10/LR-21,M2 -> M4,UAT-15,docs/learner/02_SRS_InsightHub_v1.0.md#req-ih-ux-002,R2,,,,,Unverified,,,,,,,,NotRun,
IH-UX-002-AC02,IH-UX-002,UX,A,Extended,R2,LR-10/LR-21,M2 -> M4,UAT-15,docs/learner/02_SRS_InsightHub_v1.0.md#req-ih-ux-002,R2,,,,,Unverified,,,,,,,,NotRun,
IH-UX-003-AC01,IH-UX-003,UX,A,Extended,R2,LR-10/LR-21,M2 -> M4,UAT-15,docs/learner/02_SRS_InsightHub_v1.0.md#req-ih-ux-003,R2,,,,,Unverified,,,,,,,,NotRun,
IH-UX-003-AC02,IH-UX-003,UX,A,Extended,R2,LR-10/LR-21,M2 -> M4,UAT-15,docs/learner/02_SRS_InsightHub_v1.0.md#req-ih-ux-003,R2,,,,,Unverified,,,,,,,,NotRun,
IH-UX-004-AC01,IH-UX-004,UX,A,Extended,R2,LR-10/LR-21,M2 -> M4,"UAT-07, UAT-09, UAT-14, UAT-15",docs/learner/02_SRS_InsightHub_v1.0.md#req-ih-ux-004,R2,,,,,Unverified,,,,,,,,NotRun,
IH-UX-004-AC02,IH-UX-004,UX,A,Core,R1,LR-10/LR-21,M2 -> M4,"UAT-07, UAT-09, UAT-14, UAT-15",docs/learner/02_SRS_InsightHub_v1.0.md#req-ih-ux-004,R1,,,,,Unverified,,,,,,,,NotRun,
IH-MSG-001-AC01,IH-MSG-001,MSG,A,Extended,R3,LR-15/LR-18,M3 -> M4,UAT-18,docs/learner/02_SRS_InsightHub_v1.0.md#req-ih-msg-001,R3,,,,,Unverified,,,,,,,,NotRun,
IH-MSG-001-AC02,IH-MSG-001,MSG,A,Extended,R3,LR-15/LR-18,M3 -> M4,UAT-18,docs/learner/02_SRS_InsightHub_v1.0.md#req-ih-msg-001,R3,,,,,Unverified,,,,,,,,NotRun,
IH-MSG-002-AC01,IH-MSG-002,MSG,A,Extended,R3,LR-15/LR-18,M3 -> M4,"UAT-15, UAT-18",docs/learner/02_SRS_InsightHub_v1.0.md#req-ih-msg-002,R3,,,,,Unverified,,,,,,,,NotRun,
IH-MSG-002-AC02,IH-MSG-002,MSG,A,Extended,R3,LR-15/LR-18,M3 -> M4,"UAT-15, UAT-18",docs/learner/02_SRS_InsightHub_v1.0.md#req-ih-msg-002,R3,,,,,Unverified,,,,,,,,NotRun,
IH-MSG-003-AC01,IH-MSG-003,MSG,D5,Core,R2,LR-14/LR-24,M3 -> M4,"UAT-01, UAT-02, UAT-03, UAT-19",docs/learner/02_SRS_InsightHub_v1.0.md#req-ih-msg-003,R2,,,,,Unverified,,,,,,,,NotRun,
IH-MSG-003-AC02,IH-MSG-003,MSG,A,Core,R1,LR-14/LR-24,M3 -> M4,"UAT-01, UAT-02, UAT-03, UAT-19",docs/learner/02_SRS_InsightHub_v1.0.md#req-ih-msg-003,R1,,,,,Unverified,,,,,,,,NotRun,
IH-MSG-003-AC03,IH-MSG-003,MSG,A,Extended,R2,LR-14/LR-24,M3 -> M4,"UAT-01, UAT-02, UAT-03, UAT-19",docs/learner/02_SRS_InsightHub_v1.0.md#req-ih-msg-003,R2,,,,,Unverified,,,,,,,,NotRun,
IH-MSG-004-AC01,IH-MSG-004,MSG,A,Core,R2,LR-15/LR-18,M3 -> M4,"UAT-07, UAT-09, UAT-14, UAT-18",docs/learner/02_SRS_InsightHub_v1.0.md#req-ih-msg-004,R2,,,,,Unverified,,,,,,,,NotRun,
IH-MSG-004-AC02,IH-MSG-004,MSG,A,Core,R1,LR-15/LR-18,M3 -> M4,"UAT-07, UAT-09, UAT-14, UAT-18",docs/learner/02_SRS_InsightHub_v1.0.md#req-ih-msg-004,R1,,,,,Unverified,,,,,,,,NotRun,
IH-INT-001-AC01,IH-INT-001,INT,D1,Extended,R3,LR-11/LR-18,M2.1 -> M4,UAT-16,docs/learner/02_SRS_InsightHub_v1.0.md#req-ih-int-001,R3,,,,,Unverified,,,,,,,,NotRun,
IH-INT-001-AC02,IH-INT-001,INT,A,Extended,R2,LR-11/LR-18,M2.1 -> M4,UAT-16,docs/learner/02_SRS_InsightHub_v1.0.md#req-ih-int-001,R2,,,,,Unverified,,,,,,,,NotRun,
IH-INT-002-AC01,IH-INT-002,INT,A,Core,R2,LR-11/LR-18,M2.1 -> M4,"UAT-06, UAT-11, UAT-15, UAT-16",docs/learner/02_SRS_InsightHub_v1.0.md#req-ih-int-002,R2,,,,,Unverified,,,,,,,,NotRun,
IH-INT-002-AC02,IH-INT-002,INT,A,Core,R1,LR-11/LR-18,M2.1 -> M4,"UAT-06, UAT-11, UAT-15, UAT-16",docs/learner/02_SRS_InsightHub_v1.0.md#req-ih-int-002,R1,,,,,Unverified,,,,,,,,NotRun,
IH-INT-002-AC03,IH-INT-002,INT,A,Core,R1,LR-11/LR-18,M2.1 -> M4,"UAT-06, UAT-11, UAT-15, UAT-16",docs/learner/02_SRS_InsightHub_v1.0.md#req-ih-int-002,R1,,,,,Unverified,,,,,,,,NotRun,
IH-INT-003-AC01,IH-INT-003,INT,D3,Core,R2,LR-09/LR-23,M2.1 -> M4,"UAT-01, UAT-02, UAT-03, UAT-11, UAT-16",docs/learner/02_SRS_InsightHub_v1.0.md#req-ih-int-003,R2,,,,,Unverified,,,,,,,,NotRun,
IH-INT-003-AC02,IH-INT-003,INT,A,Core,R3,LR-09/LR-23,M2.1 -> M4,"UAT-01, UAT-02, UAT-03, UAT-11, UAT-16",docs/learner/02_SRS_InsightHub_v1.0.md#req-ih-int-003,R3,,,,,Unverified,,,,,,,,NotRun,
IH-INT-004-AC01,IH-INT-004,INT,A,Extended,R2,LR-11/LR-18,M2.1 -> M4,"UAT-07, UAT-09, UAT-12, UAT-16, UAT-17, UAT-20",docs/learner/02_SRS_InsightHub_v1.0.md#req-ih-int-004,R2,,,,,Unverified,,,,,,,,NotRun,
IH-INT-004-AC02,IH-INT-004,INT,A,Core,R1,LR-11/LR-18,M2.1 -> M4,"UAT-07, UAT-09, UAT-12, UAT-16, UAT-17, UAT-20",docs/learner/02_SRS_InsightHub_v1.0.md#req-ih-int-004,R1,,,,,Unverified,,,,,,,,NotRun,
IH-NFR-001-AC01,IH-NFR-001,NFR,A,Core,R1,LR-20/LR-24,M4,"UAT-01, UAT-02, UAT-03, UAT-04",docs/learner/02_SRS_InsightHub_v1.0.md#req-ih-nfr-001,R1,,,,,Unverified,,,,,,,,NotRun,
IH-NFR-001-AC02,IH-NFR-001,NFR,A,Core,R1,LR-20/LR-24,M4,"UAT-01, UAT-02, UAT-03, UAT-04",docs/learner/02_SRS_InsightHub_v1.0.md#req-ih-nfr-001,R1,,,,,Unverified,,,,,,,,NotRun,
IH-NFR-001-AC03,IH-NFR-001,NFR,A,Core,R1,LR-20/LR-24,M4,"UAT-01, UAT-02, UAT-03, UAT-04",docs/learner/02_SRS_InsightHub_v1.0.md#req-ih-nfr-001,R1,,,,,Unverified,,,,,,,,NotRun,
IH-NFR-001-AC04,IH-NFR-001,NFR,A,Core,R1,LR-20/LR-24,M4,"UAT-01, UAT-02, UAT-03, UAT-04",docs/learner/02_SRS_InsightHub_v1.0.md#req-ih-nfr-001,R1,,,,,Unverified,,,,,,,,NotRun,
IH-NFR-001-AC05,IH-NFR-001,NFR,A,Core,R1,LR-20/LR-24,M4,"UAT-01, UAT-02, UAT-03, UAT-04",docs/learner/02_SRS_InsightHub_v1.0.md#req-ih-nfr-001,R1,,,,,Unverified,,,,,,,,NotRun,
IH-NFR-002-AC01,IH-NFR-002,NFR,A,Core,R1,LR-20/LR-24,M4,"UAT-12, UAT-13",docs/learner/02_SRS_InsightHub_v1.0.md#req-ih-nfr-002,R1,,,,,Unverified,,,,,,,,NotRun,
IH-NFR-002-AC02,IH-NFR-002,NFR,A,Core,R1,LR-20/LR-24,M4,"UAT-12, UAT-13",docs/learner/02_SRS_InsightHub_v1.0.md#req-ih-nfr-002,R1,,,,,Unverified,,,,,,,,NotRun,
IH-NFR-003-AC01,IH-NFR-003,NFR,A,Core,R1,LR-20/LR-24,M4,"UAT-13, UAT-14",docs/learner/02_SRS_InsightHub_v1.0.md#req-ih-nfr-003,R1,,,,,Unverified,,,,,,,,NotRun,
IH-NFR-003-AC02,IH-NFR-003,NFR,A,Core,R1,LR-20/LR-24,M4,"UAT-13, UAT-14",docs/learner/02_SRS_InsightHub_v1.0.md#req-ih-nfr-003,R1,,,,,Unverified,,,,,,,,NotRun,
IH-NFR-004-AC01,IH-NFR-004,NFR,A,Core,R1,LR-20/LR-24,M4,"UAT-07, UAT-12, UAT-16",docs/learner/02_SRS_InsightHub_v1.0.md#req-ih-nfr-004,R1,,,,,Unverified,,,,,,,,NotRun,
IH-NFR-004-AC02,IH-NFR-004,NFR,A,Core,R2,LR-20/LR-24,M4,"UAT-07, UAT-12, UAT-16",docs/learner/02_SRS_InsightHub_v1.0.md#req-ih-nfr-004,R2,,,,,Unverified,,,,,,,,NotRun,
IH-NFR-005-AC01,IH-NFR-005,NFR,A,Core,R2,LR-20/LR-24,M4,"UAT-07, UAT-09, UAT-14, UAT-16",docs/learner/02_SRS_InsightHub_v1.0.md#req-ih-nfr-005,R2,,,,,Unverified,,,,,,,,NotRun,
IH-NFR-005-AC02,IH-NFR-005,NFR,A,Core,R2,LR-20/LR-24,M4,"UAT-07, UAT-09, UAT-14, UAT-16",docs/learner/02_SRS_InsightHub_v1.0.md#req-ih-nfr-005,R2,,,,,Unverified,,,,,,,,NotRun,
IH-NFR-006-AC01,IH-NFR-006,NFR,A,Core,R2,LR-21,M4,UAT-17,docs/learner/02_SRS_InsightHub_v1.0.md#req-ih-nfr-006,R2,,,,,Unverified,,,,,,,,NotRun,
IH-NFR-006-AC02,IH-NFR-006,NFR,A,Core,R2,LR-21,M4,UAT-17,docs/learner/02_SRS_InsightHub_v1.0.md#req-ih-nfr-006,R2,,,,,Unverified,,,,,,,,NotRun,
IH-NFR-007-AC01,IH-NFR-007,NFR,D3,Core,R2,LR-21/LR-23,M4,UAT-17,docs/learner/02_SRS_InsightHub_v1.0.md#req-ih-nfr-007,R2,,,,,Unverified,,,,,,,,NotRun,
IH-NFR-007-AC02,IH-NFR-007,NFR,A,Core,R2,LR-21/LR-23,M4,UAT-17,docs/learner/02_SRS_InsightHub_v1.0.md#req-ih-nfr-007,R2,,,,,Unverified,,,,,,,,NotRun,
IH-NFR-008-AC01,IH-NFR-008,NFR,A,Core,R3,LR-20/LR-24,M4,UAT-16,docs/learner/02_SRS_InsightHub_v1.0.md#req-ih-nfr-008,R3,,,,,Unverified,,,,,,,,NotRun,
IH-NFR-008-AC02,IH-NFR-008,NFR,A,Core,R1,LR-20/LR-24,M4,UAT-16,docs/learner/02_SRS_InsightHub_v1.0.md#req-ih-nfr-008,R1,,,,,Unverified,,,,,,,,NotRun,
IH-NFR-009-AC01,IH-NFR-009,NFR,A,Core,R1,LR-26,M5,UAT-16,docs/learner/02_SRS_InsightHub_v1.0.md#req-ih-nfr-009,R1,,,,,Unverified,,,,,,,,NotRun,
IH-NFR-009-AC02,IH-NFR-009,NFR,A,Core,R1,LR-26,M5,UAT-16,docs/learner/02_SRS_InsightHub_v1.0.md#req-ih-nfr-009,R1,,,,,Unverified,,,,,,,,NotRun,
IH-NFR-010-AC01,IH-NFR-010,NFR,A,Core,R2,LR-25,M5,UAT-16,docs/learner/02_SRS_InsightHub_v1.0.md#req-ih-nfr-010,R2,,,,,Unverified,,,,,,,,NotRun,
IH-NFR-010-AC02,IH-NFR-010,NFR,A,Core,R2,LR-25,M5,UAT-16,docs/learner/02_SRS_InsightHub_v1.0.md#req-ih-nfr-010,R2,,,,,Unverified,,,,,,,,NotRun,
IH-NFR-011-AC01,IH-NFR-011,NFR,A,Core,R1,LR-14/LR-24,M4,"UAT-04, UAT-13, UAT-21",docs/learner/02_SRS_InsightHub_v1.0.md#req-ih-nfr-011,R1,,,,,Unverified,,,,,,,,NotRun,
IH-NFR-011-AC02,IH-NFR-011,NFR,A,Core,R1,LR-14/LR-24,M4,"UAT-04, UAT-13, UAT-21",docs/learner/02_SRS_InsightHub_v1.0.md#req-ih-nfr-011,R1,,,,,Unverified,,,,,,,,NotRun,
IH-REL-001-AC01,IH-REL-001,REL,D4,Core,R2,LR-25,M5,"UAT-01, UAT-21",docs/learner/02_SRS_InsightHub_v1.0.md#req-ih-rel-001,R2,,,,,Unverified,,,,,,,,NotRun,
IH-REL-001-AC02,IH-REL-001,REL,A,Core,R1,LR-25,M5,"UAT-01, UAT-21",docs/learner/02_SRS_InsightHub_v1.0.md#req-ih-rel-001,R1,,,,,Unverified,,,,,,,,NotRun,
IH-REL-002-AC01,IH-REL-002,REL,A,Core,R3,LR-25/LR-26,M5,UAT-16,docs/learner/02_SRS_InsightHub_v1.0.md#req-ih-rel-002,R3,,,,,Unverified,,,,,,,,NotRun,
IH-REL-002-AC02,IH-REL-002,REL,A,Core,R3,LR-25/LR-26,M5,UAT-16,docs/learner/02_SRS_InsightHub_v1.0.md#req-ih-rel-002,R3,,,,,Unverified,,,,,,,,NotRun,
IH-REL-003-AC01,IH-REL-003,REL,A,Core,R2,LR-27,M5,UAT-16,docs/learner/02_SRS_InsightHub_v1.0.md#req-ih-rel-003,R2,,,,,Unverified,,,,,,,,NotRun,
IH-REL-003-AC02,IH-REL-003,REL,A,Core,R2,LR-27,M5,UAT-16,docs/learner/02_SRS_InsightHub_v1.0.md#req-ih-rel-003,R2,,,,,Unverified,,,,,,,,NotRun,
